epoch,loss,my_loss,val_loss,val_my_loss
0,0.035166805647313594,0.03459799119271338,0.0183938629925251,0.017826445028185846
1,0.020303322933614254,0.019738688068464398,0.01643934119492769,0.015877473074942826
2,0.017019330933690072,0.016458032312802972,0.013689429825171828,0.013129840837791562
3,0.016214225669391454,0.015656158360652626,0.01652588355354965,0.01597029808908701
4,0.015238750774879009,0.014686196204274892,0.013071366073563694,0.012520971428602933
5,0.014023624311666935,0.013475550466682761,0.012048896495252847,0.011505021480843425
6,0.013948485611472279,0.013409267282113432,0.013289604848250747,0.012755447439849377
7,0.012770130368880927,0.012240976842585951,0.013552218512631952,0.013027558661997318
8,0.01430559519212693,0.013785024145618082,0.012168687023222446,0.011652842257171869
9,0.01299882957013324,0.012487742835655808,0.012758901203051209,0.012252269173040986
10,0.012753824749961496,0.012251765597611666,0.01112517628353089,0.01062750448472798
11,0.012882778116036206,0.012389913580846042,0.01303320680744946,0.012545229867100716
12,0.012947730941232295,0.012465113569051027,0.011342718731611967,0.010863901767879724
13,0.012591070786584169,0.01211795482551679,0.010763338673859835,0.0102953199762851
14,0.01351329755038023,0.01304982784204185,0.014156460762023926,0.013696684315800668
15,0.011311700865626335,0.010856756544671952,0.013158635469153523,0.012709077214822173
16,0.011019542403519154,0.01057517423061654,0.010877979174256324,0.010439779981970787
17,0.011060795290395617,0.01062876800308004,0.009903458924964071,0.009477145783603192
18,0.01109052480198443,0.010669671082869172,0.011357003031298519,0.01094135814346373
19,0.011815154266078026,0.011404635531362147,0.011416305601596833,0.011010850360617042
20,0.011060998803004622,0.010661793376784771,0.010559216816909611,0.010165394144132733
21,0.011769830016419291,0.011380582733545452,0.00987848152872175,0.009493356919847429
22,0.011627860465086997,0.011247930557001382,0.014065301022492349,0.013689414109103381
23,0.010838850340805948,0.01046821745345369,0.010154098202474416,0.009789348510093988
24,0.011213641660287977,0.010853988770395517,0.012176659354008735,0.011822307808324694
25,0.010654677029233426,0.010305500645190478,0.009003684599883854,0.008659762400202452
26,0.012127373064868153,0.011787186099682004,0.008520857035182416,0.008183428063057363
27,0.010185529596637934,0.009853257888462395,0.009322222182527184,0.008995091123506428
28,0.012549854337703437,0.012224732113536448,0.012688167230226099,0.012366917612962425
29,0.009638559501618148,0.0093223219900392,0.009645615913905203,0.009334601042792202
30,0.010554258460178972,0.010247688787057996,0.009593899990431965,0.009290941606741399
31,0.009794976469129324,0.009496740917675196,0.010505169164389372,0.010211389977484941
32,0.01014328726567328,0.00985324861598201,0.009210236486978829,0.008924174983985723
33,0.00963299380033277,0.00935109577840194,0.008469042368233204,0.008191005396656691
34,0.009832479654578492,0.009556651368038729,0.0075350817758589985,0.007262547733262181
35,0.009292267344426364,0.009023263154085725,0.008628743910230696,0.008362895087338984
36,0.009087141990894452,0.008824783335439861,0.008626353903673589,0.008367223851382732
37,0.009730922793969511,0.009474361047614366,0.012474339257460087,0.012220929923933
38,0.009386509950272738,0.009136459334986285,0.007789865508675576,0.007542963116429746
39,0.009066308932378888,0.008822428890271112,0.008774366974830628,0.008533364906907082
40,0.009617803598521277,0.009380066293524579,0.00824264537077397,0.008007362834177911
41,0.009272819474572315,0.009039634589571506,0.007269498938694596,0.007039002189412713
42,0.008635133269708604,0.00840663440991193,0.007243142800871283,0.007017598871607333
43,0.008473883518017828,0.008250755256740376,0.008397137001156806,0.008175868098624051
44,0.009005740218563006,0.008785410444252193,0.009606988285668194,0.00938634320627898
45,0.009182149820262567,0.008963426530826837,0.008761316491290926,0.008545167301781476
46,0.009340964965522289,0.009127063667401672,0.008615672565065324,0.008403700753115117
47,0.009466262141941115,0.009255929158534855,0.009731751098297537,0.00952218126039952
48,0.009064674865221604,0.008857054286636412,0.0075300807598978284,0.007324480905663222
49,0.008897926391800865,0.008694453360512854,0.008600667049176992,0.008398961718194186
50,0.008765332840848714,0.008565271836705506,0.013465311634354294,0.013266914035193622
51,0.009888087151339278,0.009690711355069652,0.00945181434508413,0.009255467331968248
52,0.00999835694441572,0.009803244542563334,0.01012205397710204,0.009928022068925202
53,0.010688703045016155,0.010495091624325142,0.008216541609726846,0.008023410139139741
54,0.01039819668396376,0.010206019695615395,0.01027736661490053,0.010086069186218082
55,0.010316957635805011,0.010126493639545516,0.009006570652127266,0.008816332882270217
56,0.00980276838177815,0.009613213132834062,0.00814839187078178,0.007959728268906474
57,0.009186969134025275,0.008999187035951763,0.008217983087524772,0.008031045738607644
58,0.009998086931882427,0.009811864218208939,0.00687372088432312,0.00668797402177006
59,0.00920520358486101,0.009020241072867065,0.009247641847468912,0.0090633052168414
60,0.009242167101474479,0.00905861854669638,0.008378918073140085,0.008196074794977904
61,0.009232339600566774,0.009050293378531932,0.005448530381545425,0.00526706479722634
62,0.010608171382918953,0.010426090767141431,0.008656801492907106,0.008474052115343512
63,0.010221972889266908,0.010039913625223561,0.007860925840213894,0.007679567555896938
64,0.009757490291958675,0.009576630287338048,0.00815611898433417,0.007975621474906802
65,0.009650440773693845,0.009470834176754579,0.0069209870649501685,0.006741885631345213
66,0.008915028766496106,0.008737078682752326,0.00802886850433424,0.00785170226590708
67,0.01076630872208625,0.010589609103044495,0.007547639741096646,0.0073713666992262
68,0.009305268432945013,0.009129110949579626,0.008111417945474386,0.007935307174921035
69,0.009091785612981766,0.008916347897611558,0.009732152591459453,0.009557180455885828
70,0.008976395016070456,0.008802346090087667,0.010161443869583309,0.009988050570245832
71,0.008421521213604137,0.008248560129432007,0.013043486140668392,0.012870892998762429
72,0.010229535109829158,0.010057312215212732,0.0073805978987365965,0.0072086197906173766
73,0.009479093021946028,0.009307471796637401,0.007281327003147453,0.00711001408053562
74,0.009406823880271985,0.009236130946082994,0.009632112947292626,0.009461707505397498
75,0.009404913955368101,0.009234600704512558,0.008386087918188423,0.00821595462039113
76,0.008589999766554684,0.00842022428754717,0.008494644006714226,0.00832513754721731
77,0.00941197110223584,0.00924247871618718,0.009124897420406342,0.008955844142474235
78,0.008048481807345525,0.007880068167578429,0.011950306594371796,0.011782495537772775
79,0.009597768756793811,0.00942992149386555,0.008693678257986902,0.008525934908539057
80,0.009319690237753094,0.009152036880841478,0.00774106786120683,0.007573775970377028
81,0.008524007452651859,0.008357288212282583,0.007061717275064439,0.006895297905430198
82,0.009185136141022667,0.009018892120802775,0.007739609060809016,0.00757375928806141
83,0.009108816197840496,0.008943026330089197,0.009884917875751853,0.00971935885027051
84,0.009971164910821244,0.009805906935362145,0.007472514361143112,0.0073074015323072675
85,0.008210907621541991,0.008046105442335829,0.011280853813514114,0.011116310791112482
86,0.008691395495552569,0.008527308610500767,0.007648193021304905,0.007484521740116179
87,0.009034975448157638,0.00887136472214479,0.006452292064204812,0.006288607488386333
88,0.008668579329969362,0.008505114688305185,0.010535294783767312,0.0103720978833735
89,0.008082325502764434,0.007919049815973267,0.006993282842449844,0.006830076547339558
90,0.008723345677135513,0.008560454756952822,0.0051080611068755385,0.004945542057976126
91,0.008487795537803322,0.008325505463872104,0.006210229883436114,0.006047931301873177
92,0.008751488107955084,0.008589330588001758,0.006789577740710229,0.006627733318600804
93,0.00842024153098464,0.008258663654560223,0.006122277129907161,0.005961035145446658
94,0.007266965262824669,0.007105956493178383,0.007300867675803601,0.0071401710389181975
95,0.007718652043258771,0.007558218070771545,0.007328537851572036,0.007168211438693106
96,0.007237116602482274,0.007077118570450693,0.007268050941638649,0.00710842739790678
97,0.0076924183731898665,0.0075328939629253,0.007406462286598981,0.007247082167305052
98,0.007281632936792448,0.0071225283923558895,0.007512988825328648,0.007354011060670018
99,0.007756800622446463,0.007597949606133625,0.009052791353315114,0.008894011424854398
100,0.007291409083409235,0.007132761591346935,0.0152869789628312,0.015128559456206859
101,0.007169704989064485,0.0070114437950542195,0.005759503482840956,0.005601434351410717
102,0.007429216854507104,0.007271422068588436,0.008704901672899723,0.008547395875211805
103,0.007665517327841371,0.00750820534536615,0.008928813668899239,0.00877160842064768
104,0.00777374078403227,0.007616684847744182,0.008869994850829243,0.008712995308451354
105,0.007659040333237499,0.007502223729388789,0.008182852040044963,0.00802620213944465
106,0.007902782820165157,0.0077462760987691585,0.00929367485223338,0.00913731250911951
107,0.007368967999937013,0.007212799311382696,0.007403032714501023,0.007247069058939815
108,0.007563215794507414,0.007407429534941912,0.007503516995348037,0.007347894855774939
109,0.007551435057539493,0.007395898511167616,0.006428394233807921,0.00627299421466887
110,0.00771739317686297,0.007562188621377573,0.009388914983719587,0.009233818436041475
111,0.007251228960230946,0.007096369924256578,0.008020610408857464,0.007865917589515447
112,0.0075054842722602185,0.007350914184935391,0.008178418432362378,0.008024006825871765
113,0.007664254371775314,0.007509975589346141,0.006421215506270528,0.0062669674516655505
114,0.007159660652978346,0.007005528511945159,0.010639933473430573,0.010485926654655486
115,0.007586621262598783,0.007432702090591192,0.007755979965440929,0.0076022518565878276
116,0.007144670069683343,0.006990978843532503,0.007729465141892433,0.007575948513112963
117,0.007966644440311938,0.007813088624970987,0.01200517718680203,0.01185170237440616
118,0.0069197765155695375,0.006766489254077896,0.0070686776423826815,0.0069156101788394155
119,0.00763799601350911,0.0074850635830080135,0.008444401482120157,0.008291526278480888
120,0.007041381321614608,0.0068886339070741084,0.008249290194362402,0.008096649707295001
121,0.007541828749235719,0.007389251753920689,0.007759099407121539,0.007606550795026123
122,0.00753757094964385,0.007385218105046078,0.007296952360775322,0.007144668383989483
123,0.00733777412911877,0.007185541063081473,0.007262709853239358,0.007110584271140396
124,0.007110358893405646,0.006958291220944375,0.007998146954923869,0.007846174365840852
125,0.007173777705756948,0.007021964511368424,0.0067118623410351574,0.00656020405003801
126,0.006806060166563838,0.00665471451357007,0.008418548689223825,0.008267348795197905
127,0.007789343727054075,0.007638183364178985,0.006303766765631736,0.006152613763697445
128,0.007185125953983515,0.007033904490526766,0.006518674944527447,0.006367561197839678
129,0.0072502536803949625,0.007099271705374122,0.00789281353354454,0.007741881068795919
130,0.0072499641648028045,0.00709909783792682,0.00777466872241348,0.007623822905588895
131,0.007505277587333694,0.007354486081749201,0.009103992232121527,0.00895327462349087
132,0.007380067905178294,0.007229362766956911,0.009931116574443876,0.009780466347001493
133,0.00800039718975313,0.007849856122629718,0.00692590227117762,0.006775412475690246
134,0.006982115436112508,0.00683179649990052,0.008354083681479097,0.008203865308314563
135,0.006942533260444179,0.0067924137460067865,0.008020912786014378,0.007870848034508526
136,0.007073729924159124,0.006923761739162728,0.007180943025741726,0.007031056156847626
137,0.007001192725147121,0.006851451311958954,0.008612267533317208,0.008462637290358543
138,0.0077947786089498546,0.007645220858976245,0.006273663882166147,0.006124121719039977
139,0.007496363586978987,0.007346902396529913,0.005831666651647538,0.005682174360845238
140,0.008742484075482934,0.008593022241257131,0.006807661266066134,0.0066582364263013
141,0.0077212286461144685,0.0075719015940558165,0.005700609786435962,0.005551370664034039
142,0.007739147715037689,0.007589935680152848,0.00872400770895183,0.008574892883189023
143,0.008149636389571242,0.008000495345913804,0.007622819591779262,0.007473656896036118
144,0.007415828886441886,0.007266728040995076,0.008720430731773376,0.008571425918489695
145,0.007334431241033599,0.007185486297821626,0.007769044954329729,0.0076201286399737
146,0.007389503070153296,0.007240568667766638,0.007573791861068458,0.007424893137067556
147,0.006765570379793644,0.0066166981088463216,0.012522869650274515,0.012374049634672701
148,0.007460256465710699,0.007311444602673873,0.007519750599749386,0.0073709335876628755
149,0.007769018152612261,0.007620301162241958,0.007955322181805969,0.007806682423688471
150,0.007170817245496437,0.007022234997712076,0.007016140408813954,0.006867586728185415
151,0.007714558145962656,0.007566000716760755,0.015384679415728898,0.015236163476947695
152,0.007550002555944957,0.007401523235603236,0.006820241606328636,0.006671730359084904
153,0.0074354441568721084,0.0072870244306977834,0.0068587715504691005,0.006710449361708015
154,0.007579263696679845,0.0074309935641940685,0.007327694655396044,0.007179440464824438
155,0.007414325107820332,0.0072661149490159,0.00727270330535248,0.00712452526204288
156,0.0068427075928775595,0.006694584650103934,0.008613173337653279,0.008465127507224678
157,0.006999974971404299,0.006851982450461947,0.005439168657176197,0.005291246145498007
158,0.0072082712454721335,0.007060448944102972,0.007157783978618682,0.0070100330980494615
159,0.006824681347934529,0.006676943895872683,0.00746290689567104,0.00731516289524734
160,0.006821474507451058,0.006673767032334581,0.007633167342282832,0.00748555464670062
161,0.006486868015490472,0.0063392808201024305,0.007821150764357299,0.0076736212591640655
162,0.007014216633979231,0.006866714005591348,0.00861443083267659,0.00846697569359094
163,0.00688011180376634,0.006732725267065689,0.008463580650277436,0.008316185092553496
164,0.00715531651454512,0.007007975783199072,0.011626655166037381,0.011479372228495776
165,0.00763242068933323,0.0074850994523148985,0.008061240753158927,0.007913904567249119
166,0.007405517767183483,0.007258181826910004,0.006725515588186681,0.006578247970901429
167,0.006959472954040393,0.00681223129038699,0.006376725435256958,0.006229529529809952
168,0.00671128379937727,0.006564139188267291,0.0070974366390146315,0.00695032678777352
169,0.007023050363641232,0.00687599232653156,0.006677145790308714,0.006530109536834061
170,0.007048753839335405,0.0069017501885537055,0.009713467652909457,0.00956651687156409
171,0.007089528536889702,0.006942598195746541,0.011052423890214413,0.01090552582172677
172,0.007494947580853477,0.007348073028260842,0.006983519089408219,0.006836707261390984
173,0.007190169517416507,0.007043375476496294,0.008799779997207224,0.008653002069331705
174,0.006987500928808003,0.006840751557610929,0.006301998742856085,0.006155255867633968
175,0.007576362543040886,0.007429664527298882,0.0072548782220110295,0.00710820322856307
176,0.00680320117273368,0.006656566855963319,0.0059400859754532576,0.005793487117625773
177,0.007290618855040521,0.007144034629454836,0.005799479165580124,0.005652930808719247
178,0.006942814439535141,0.006796296385582537,0.006551807536743582,0.006405319087207317
179,0.0065132652159081775,0.006366807904560119,0.00777010836172849,0.007623667013831437
180,0.00723924218560569,0.00709282063995488,0.006998208025470376,0.006851772719528526
181,0.006763697565766051,0.006617269221460447,0.006591555604245514,0.006445160286966711
182,0.006749100317247212,0.006602733127074316,0.012240540655329823,0.012094195722602308
183,0.006989973584422842,0.006843672394752503,0.008518135850317776,0.008371863281354308
184,0.006896323660039343,0.006750029778340831,0.0056426891009323295,0.005496394180227071
185,0.007251015478977933,0.0071047637861920525,0.007856221380643546,0.0077099823160097
186,0.007238827121909708,0.007092579429736361,0.0068659443408250805,0.006719686510041356
187,0.006690328641561791,0.0065441108786035325,0.007141789223533123,0.00699561316287145
188,0.007030414334731176,0.006884283354738727,0.012102202675305308,0.011956094193737953
189,0.006720894195605069,0.0065748015022836625,0.007049276039469987,0.006903192703612148
190,0.006778868010733277,0.006632822322426363,0.006122428749222308,0.005976402352098375
191,0.007254313674056902,0.007108310888288543,0.006816797750070691,0.006670824228785932
192,0.007127414901042357,0.006981439410010353,0.008675718982703983,0.008529771596658974
193,0.011733627551002428,0.011587586218956858,0.008044826472178102,0.007898782240226864
194,0.008905822682427242,0.008759772243211046,0.006344073195941746,0.006198001466691494
195,0.007211873866617679,0.0070658121758606285,0.006454841187223792,0.006308804324362427
196,0.006929198012221605,0.006783197046024725,0.008044781745411456,0.00789881069213152
197,0.0071286111930385235,0.0069826720329001545,0.006897101690992713,0.006751175539102405
198,0.006906113792210817,0.006760191929060966,0.005493761110119522,0.005347849987447262
199,0.006856709907297045,0.006710822565946728,0.00642904348205775,0.006283183326013386
200,0.007118563051335514,0.006972721471684053,0.006734181789215654,0.006588339305017144
201,0.006545598418451846,0.0063997555419337,0.005841732223052532,0.005695900088176132
202,0.006584374714875594,0.006438568837475032,0.005442483560182154,0.005296701285988093
203,0.007335977763868868,0.007190209478139877,0.00675929591525346,0.0066135477041825656
204,0.006834600338479504,0.006688872853992507,0.006099151726812124,0.005953440465964377
205,0.0066992389818187805,0.0065535447560250756,0.0061598019907251,0.006014116259757429
206,0.007632073957938701,0.0074864060687832535,0.007324495317880065,0.007178849005140364
207,0.006935989788034931,0.00679033346939832,0.007662967522628605,0.007517338241450488
208,0.006871290819253773,0.00672567430883646,0.007265242002904415,0.007119649241212755
209,0.007188133333111182,0.007042550566839054,0.005725607846397906,0.005580039112828672
210,0.006844346657744609,0.006698811846436001,0.007488512981217355,0.007342998241074383
211,0.00726744482992217,0.0071219564881175755,0.007117330899927765,0.006971866777166724
212,0.0068809970607981085,0.006735521433874965,0.009177209704648703,0.009031740436330437
213,0.007193992169923149,0.007048528208397329,0.006546640186570585,0.006401164527051151
214,0.006620935953687877,0.006475473252357915,0.013439550041221082,0.013294104347005486
215,0.006714144452125766,0.006568710547871888,0.007069276564288884,0.006923846446443349
216,0.0071481232380028814,0.007002705921186134,0.008203491382300854,0.008058094931766391
217,0.006783887493656948,0.0066385201789671555,0.007018125138711184,0.006872758525423706
218,0.00653674045635853,0.006391382915899158,0.00762577869463712,0.007480428740382195
219,0.006830706807086244,0.0066853731463197615,0.00654198348056525,0.006396660208702087
220,0.0071210494078695775,0.006975722152274102,0.00570134874433279,0.005556047079153359
221,0.006580511030042544,0.0064352191938087345,0.008282828144729137,0.008137537969741971
222,0.006432247952325269,0.006286971588851884,0.007433380396105349,0.007288105715997517
223,0.007051931071327999,0.006906671759206801,0.007257508055772632,0.007112239801790566
224,0.006863506099907681,0.006718246333766728,0.007209390820935369,0.007064137281849981
225,0.0069441655382979665,0.006798923250753433,0.006003995053470134,0.00585875854594633
226,0.006636963209602982,0.006491749312262982,0.013624516408890485,0.013479318050667644
227,0.0066417827166151255,0.006496584616252221,0.007825125032104552,0.007679948210716247
228,0.007276909734355286,0.0071317210129927845,0.0063105016248300675,0.006165326968766749
229,0.006536208087345586,0.00639103434747085,0.008151431218720973,0.00800625024130568
230,0.006913676850963384,0.006768510815454647,0.005804208444897085,0.005659056326840073
231,0.007304288357263431,0.007159142305608839,0.006351395172532648,0.006206247257068753
232,0.006950969971949234,0.006805839851731435,0.006291011429857463,0.0061458846321329474
233,0.006904098109807819,0.0067589869641233235,0.008935232902877033,0.00879013582598418
234,0.0071016380144283174,0.006956545717548579,0.007981378736440092,0.00783628977369517
235,0.006890360036632046,0.006745279083261267,0.0075123587739653885,0.007367283187340945
236,0.007284695329726674,0.007139621014939621,0.0071695304359309375,0.007024470227770507
237,0.006735375387361273,0.006590324862627312,0.005582998262252658,0.005437953257933259
238,0.006834520372794941,0.006689483501249924,0.007242562226019799,0.0070975314592942595
239,0.006701406263746321,0.006556379967369139,0.006887592736165971,0.0067425798391923305
240,0.006860785747412592,0.006715777433710173,0.006288703647442162,0.006143697537481785
241,0.006994468230986968,0.006849463380640373,0.006514315691310913,0.0063693229923956094
242,0.007049925270839594,0.006904942711698823,0.007534620235674083,0.0073896354646421965
243,0.006838897247798741,0.006693914610659704,0.006902595795691013,0.0067576193599961695
244,0.006848979705246165,0.0067040116398129615,0.011711358418688178,0.011566396849229933
245,0.006648449165513739,0.006503501918632537,0.007874553767032921,0.007729623117484152
246,0.007037625958910212,0.006892689141095616,0.006953179102856666,0.006808240443933755
247,0.0068102105974685405,0.00666527395369485,0.008474203618243336,0.00832927857991308
248,0.0067778405023273085,0.006632922319113277,0.006264687073417008,0.006119770416989923
249,0.006711918469518423,0.006567011136794463,0.00916489791125059,0.009019995527341961
250,0.00694257622177247,0.0067976836452726275,0.007923258619848638,0.007778371893800795
251,0.006674194392981008,0.0065293065609876065,0.008129626966547222,0.007984745735302567
252,0.007228150960290804,0.007083273367024958,0.0068057187832891945,0.006660842918790877
253,0.0065665564127266405,0.006421681581996381,0.007572472095489502,0.007427606545388698
254,0.006786070801317692,0.0066412101697642355,0.007690686045680195,0.007545832183677703
255,0.0066107708925846964,0.006465917930472642,0.007578117889352143,0.007433257589582354
256,0.006758662378997542,0.006613811296410858,0.008078683004714548,0.007933834404684603
257,0.0068426715733949095,0.006697827195748687,0.007312089530751109,0.007167248369660229
258,0.0068335307569941505,0.006688699115766212,0.007034384272992611,0.006889554276131094
259,0.006841304647387005,0.0066964736871887,0.007926502020563931,0.007781666039954871
260,0.006813045275630429,0.0066682197840418666,0.007657268980983645,0.007512449554633349
261,0.00692504724371247,0.006780235307523981,0.007750031119212508,0.007605223846621811
262,0.0064075023436453195,0.006262700951192528,0.008307877299375831,0.008163083193358034
263,0.007046804528217762,0.006902013520011678,0.010166165139526128,0.01002137855393812
264,0.006765273140626959,0.006620489049237221,0.006312236259691417,0.006167453550733626
265,0.006701555129839107,0.006556774353957735,0.006878939596936107,0.006734166014939547
266,0.006945970066008158,0.006801197993336245,0.00511970492079854,0.004974932572804391
267,0.006780484791379422,0.006635715352604166,0.008575189695693552,0.008430418907664716
268,0.006610760338371619,0.006465993209276349,0.008117411914281548,0.007972654700279237
269,0.006747044265503064,0.006602290781447664,0.007319237431511283,0.007174488715827465
270,0.006699826652184129,0.006555078970268369,0.005963658238761127,0.005818916740827263
271,0.006938272404950112,0.006793533660238609,0.005288298102095723,0.005143566918559372
272,0.0070154864923097195,0.006870755228446796,0.006783303315751254,0.00663857456529513
273,0.006912530770059675,0.006767810094170272,0.005450265912804753,0.005305548303294927
274,0.006760074184276163,0.0066153680696152154,0.007099973678123206,0.0069552793051116165
275,0.007150305311661213,0.007005618538241834,0.006601264770142734,0.006456576008349657
276,0.006793071418069303,0.006648389601614326,0.009476243716198951,0.009331566339824349
277,0.006734813197981566,0.006590137911261991,0.0071123281493783,0.006967653543688357
278,0.0068564330658409745,0.00671176107309293,0.007573259924538433,0.007428595295641572
279,0.006855354423169047,0.006710694298380986,0.006662520091049373,0.006517855753190816
280,0.006612458428135142,0.006467795863281936,0.006993153877556324,0.006848494708538056
281,0.006793701902497559,0.006649044720688835,0.0059795159380882975,0.0058348617982119325
282,0.006736791752045974,0.006592144971946255,0.006254635204095393,0.0061099952203221616
283,0.006555676080752164,0.006411036277422681,0.005642408004496247,0.005497767881024629
284,0.0069795862573664635,0.006834942913847044,0.00883851017570123,0.008693865663371981
285,0.00694686334754806,0.0068022171955090015,0.005200717493426055,0.005056074482854456
286,0.006732625945587643,0.006587985813384875,0.006786771351471543,0.006642134394496679
287,0.006570916606578976,0.006426278890576214,0.005510325462091714,0.005365690554026514
288,0.00685796627716627,0.006713332979707047,0.006302656815387308,0.006158026808407158
289,0.0070411887159571055,0.006896562507608906,0.014525413035880775,0.014380791585426777
290,0.00702536363445688,0.006880745046073571,0.006683690915815532,0.0065390760661102835
291,0.006767026575980708,0.006622412808937952,0.0070910157402977346,0.006946407409850508
292,0.007182917007012293,0.007038312780205161,0.008177981176413596,0.008033377281390131
293,0.006687064259895123,0.006542464252561331,0.008664363715797662,0.008519769227132202
294,0.00672084222198464,0.0065762480115517975,0.00691265978384763,0.006768064561765641
295,0.0068767296837177125,0.006732138311490416,0.007377727085258812,0.007233143178746104
296,0.006638320401543751,0.006493738976423628,0.008530081110075116,0.008385502826422453
297,0.006707643115660176,0.006563064337242395,0.006746057188138366,0.006601475097704678
298,0.0072516646049916745,0.007107085026800633,0.006684211269021034,0.006539632193744182
299,0.006602543072076515,0.006457967857131735,0.007295563968364149,0.0071509909350425
300,0.0068492819636594504,0.006704711966449395,0.004839965363498777,0.0046953998156823214
301,0.006899515872937627,0.006754951740149408,0.006028912565670908,0.005884347087703645
302,0.0065625806630123405,0.006418017068062909,0.0053515636129304765,0.005207002302631736
303,0.007256179847754538,0.007111620388459414,0.005721449595876038,0.005576891975942999
304,0.006631512258900329,0.006486952494597063,0.01003467405680567,0.009890116879250854
305,0.007057929218281061,0.006913374584401027,0.007395853451453149,0.007251296075992286
306,0.006755955027183518,0.006611401969566941,0.005409554555080831,0.005265006562694907
307,0.006966360800433904,0.006821814848808572,0.006912225764244795,0.006767680670600384
308,0.006784409757819958,0.006639867292251438,0.007263988815248012,0.0071194480871781705
309,0.006430237672757358,0.00628569656284526,0.0077150441007688645,0.007570502837188542
310,0.0067945655900985,0.006650023583788424,0.010918927646707743,0.01077438541688025
311,0.00692371959798038,0.006779180748271756,0.00565838556503877,0.005513849994167685
312,0.006449638220947236,0.006305101199541241,0.008297905046492814,0.00815336701925844
313,0.006786142456112429,0.006641606111079454,0.008281759847886861,0.00813722654711455
314,0.007143388733966276,0.006998854875564575,0.007723527145572007,0.00757899486925453
315,0.007256385000073351,0.0071118549181846905,0.006430446973536163,0.006285920215304941
316,0.006868305928073823,0.006723780718166381,0.007289021508768201,0.007144494913518429
317,0.006559193832799792,0.006414669227087871,0.008298224781174212,0.008153699734248222
318,0.006641295584850013,0.006496771274833009,0.006476782623212785,0.006332257809117436
319,0.007070866008289159,0.006926342721562832,0.007225150906015188,0.007080630277050659
320,0.0069188026350457225,0.006774284956045449,0.008391701569780707,0.008247185894288123
321,0.006917183647165075,0.006772669630590826,0.007778678392060101,0.007634165068157017
322,0.007170543217798695,0.007026030672714114,0.006539683230221272,0.006395171419717372
323,0.006530118401860819,0.006385606318945065,0.006032009480986744,0.005887495598290116
324,0.006733564897440374,0.006589051447808743,0.008323976385872811,0.008179463213309646
325,0.006952172884484753,0.0068076619354542345,0.009440690896008163,0.009296182892285287
326,0.0066956523049157115,0.006551148096332326,0.006324935657903552,0.006180432764813304
327,0.0067985035036690535,0.0066540027433075015,0.00784805028233677,0.007703551021404564
328,0.007069946541450918,0.006925445522647351,0.00629008129471913,0.006145579752046615
329,0.006705765926744789,0.006561266070930287,0.0065629857825115325,0.006418486556503922
330,0.007104669710970484,0.006960170511738397,0.006240258493926376,0.006095760664902627
331,0.006522027894388885,0.006377529768506065,0.007202473992947489,0.007057975418865681
332,0.007071837417315692,0.006927340063266456,0.006605785596184433,0.006461286288686097
333,0.006917564932955429,0.006773068888578564,0.007642827671952545,0.007498334418050945
334,0.007341238700319081,0.007196746877161786,0.011697749327868222,0.011553258821368217
335,0.006512723679188639,0.006368233350804076,0.006678559514693916,0.006534068891778588
336,0.006805376573465765,0.0066608878842089325,0.007224104402121156,0.007079616806004196
337,0.00691256616730243,0.006768079474568367,0.006253741646651179,0.006109255168121308
338,0.006893370534526184,0.006748885484412313,0.006542127241846174,0.006397643440868706
339,0.006572697006631643,0.006428213648032397,0.006990838423371315,0.006846354727167636
340,0.006839116016635671,0.006694633528823033,0.007876843051053583,0.007732361671514809
341,0.006539329703664407,0.006394850440556183,0.010650572821032257,0.010506094666197896
342,0.006506519461981952,0.00636204241134692,0.008429747796617449,0.008285273588262499
343,0.006576348165981472,0.006431873088004068,0.012244526913855225,0.012100052786991
344,0.006511371351662092,0.006366897759726271,0.00819775538984686,0.00805328304413706
345,0.006929419594816863,0.0067849491559900344,0.005392289359588176,0.005247819609940052
346,0.006463293135166168,0.0063188242237083615,0.007676668418571353,0.007532199169509113
347,0.007233624617801979,0.007089156499132514,0.00736698810942471,0.007222520699724555
348,0.006708021912490949,0.0065635568974539635,0.006081882817670703,0.005937419505789876
349,0.006703046940965578,0.00655858485843055,0.006534601817838848,0.006390141090378165
350,0.006754892893368379,0.006610431895824149,0.006845418305601925,0.0067009579623118045
351,0.0063981514051556585,0.006253691263264045,0.006321561895310879,0.006177102110814303
352,0.006887701175292023,0.006743242634693161,0.008405800210312009,0.008261342719197273
353,0.006964014766272158,0.0068195578595623375,0.008066116808913648,0.007921660342253745
354,0.006777315945364535,0.006632859407691285,0.010040053352713584,0.009895597689319403
355,0.006559299307409674,0.0064148450398352,0.008567219285760075,0.008422765566501766
356,0.007185999943176285,0.0070415468257851895,0.008164977817796171,0.008020524866878986
357,0.0068905755109153685,0.006746123610064388,0.006095052603632212,0.00595060164341703
358,0.007014947632560506,0.006870497423224151,0.007199451338965446,0.007055001682601869
359,0.006953141868580133,0.006808693279745057,0.007712146732956171,0.007567699230276048
360,0.0067957506596576425,0.006651302973041311,0.009008747013285755,0.008864299696870147
361,0.006628628529142588,0.0064841816818807275,0.008315867546480149,0.008171420742291957
362,0.006770261673955247,0.006625815373845398,0.005401324480772018,0.005256878212094307
363,0.00651962186791934,0.006375176690053195,0.00842583600897342,0.008281391113996506
364,0.007122812116285786,0.006978367753326893,0.0068333409260958435,0.006688898021820933
365,0.006919195431983098,0.0067747537116520104,0.007744875410571695,0.007600433961488307
366,0.006815702598541975,0.0066712615266442295,0.007714924099855125,0.007570483791641891
367,0.006622057469794527,0.00647761691827327,0.010776196850929409,0.010631756717339158
368,0.006583434654166922,0.00643899466143921,0.011238665413111448,0.011094225756824016
369,0.0069920848088804635,0.006847645933157764,0.007281800406053663,0.007137361774221062
370,0.0066544631402939555,0.006510025470051914,0.005668466875795275,0.005524030851665885
371,0.006534150585066527,0.0063897145597729835,0.009469926706515253,0.009325491124764084
372,0.006766404454829171,0.006621968928957358,0.00980158771853894,0.009657152392901481
373,0.006527818302856758,0.0063833828258793805,0.008480980829335748,0.008336546155624092
374,0.006667042849585414,0.006522607678198256,0.008223904226906598,0.008079470053780824
375,0.0066184380988124755,0.00647400482208468,0.010716490424238145,0.01057205859106034
376,0.007265093844616786,0.007120661019580438,0.007709211879409849,0.007564777787774801
377,0.006672555826371536,0.006528122382005677,0.007208591210655868,0.007064158283174038
378,0.006973022603197023,0.006828590516233817,0.007162649650126696,0.007018218189477921
379,0.006980090053984895,0.006835658786585554,0.006144648056942969,0.006000216869870201
380,0.006874636795837432,0.0067302053398452695,0.006198473810218275,0.006054042326286435
381,0.006982942912145518,0.006838512092363089,0.00682047416921705,0.006676043092738837
382,0.0065302497765515,0.006385819539427757,0.007560333283618092,0.007415903173387051
383,0.00693119756411761,0.006786768909660168,0.007819334673695267,0.007674906437750905
384,0.007024480103864334,0.00688005245057866,0.007575363852083683,0.007430935907177627
385,0.006913634366355836,0.0067692067567259075,0.007079465046990663,0.006935038068331778
386,0.006502228388562799,0.0063578014844097195,0.009821535879746079,0.009677108912728726
387,0.006598336121533066,0.0064539098914247,0.005552958662156016,0.005408533022273332
388,0.006619439454516396,0.006475014329189435,0.00726111801341176,0.007116693165153265
389,0.0064734122774098065,0.006328988530440256,0.006267533544450999,0.006123110407497734
390,0.006416499190963805,0.006272076535969973,0.005240434617735446,0.005096011864952743
391,0.006597730993526056,0.006453309144126252,0.007618131523486227,0.007473710807971656
392,0.0066830752266105265,0.006538654024479911,0.006724223960191011,0.0065798037452623245
393,0.006628740064334124,0.006484320076415315,0.006959838210605085,0.006815419218037277
394,0.0066531593492254616,0.006508740885183215,0.006630612176377326,0.006486193754244596
395,0.007178289332659915,0.007033871409948916,0.004618412582203746,0.0044739951845258474
396,0.0068992201960645615,0.006754803078947589,0.007441193796694279,0.00729677714407444
397,0.007076838010689244,0.006932421160163358,0.011892582208383828,0.011748165485914796
398,0.007044615186750889,0.006900198780931533,0.006302306975703687,0.006157890171743929
399,0.00665311892516911,0.006508702411083505,0.007707250444218517,0.007562834187410772
400,0.00654712769202888,0.006402711664559319,0.0070816628052853044,0.00693724756129086
401,0.006957022296264767,0.006812606935855001,0.00647377111017704,0.006329355877824128
402,0.006724445422878489,0.006580030606128276,0.005792505177669227,0.005648090841714293
403,0.006684050711337477,0.006539636244997382,0.006992840091697872,0.006848425813950598
404,0.006714289537630975,0.0065698755253106355,0.006707762065343559,0.00656334845116362
405,0.00669302316266112,0.006548609831370413,0.007029441499616951,0.006885029061231762
406,0.006538113270653412,0.0063937008334323765,0.007585534127429128,0.0074411221197806295
407,0.006442972730146721,0.006298561750445515,0.006544349540490657,0.006399939313996583
408,0.0068170272442512215,0.006672616944415495,0.006845951697323471,0.0067015412962064145
409,0.006690778759075328,0.006546369178686291,0.00828915904276073,0.00814475044608116
410,0.006809106890577823,0.006664698119275272,0.008435167593415827,0.008290758589282632
411,0.006666787798749283,0.006522379148518667,0.006925083871465176,0.006780675437767059
412,0.006585682353470474,0.00644127398612909,0.008247246872633696,0.008102838834747671
413,0.006604266998474486,0.006459858876769431,0.006941967806778848,0.006797559722326696
414,0.007024749926058576,0.006880341274663806,0.005770049861166626,0.00562564138090238
415,0.007350392683874816,0.007205984135507606,0.0060219862032681705,0.005877577746286988
416,0.006592933752108366,0.006448525465093553,0.007568018487654626,0.007423610589466989
417,0.007011680541327223,0.006867272413801402,0.006431667995639145,0.0062872596550732854
418,0.0070295850839465854,0.006885177048388869,0.0061439903220161796,0.005999582493677736
419,0.006934541082009673,0.006790133506292477,0.004905735602369532,0.0047613282862585034
420,0.006870843825745396,0.006726436595781707,0.0058946528355590996,0.005750246555544436
421,0.0063298844872042535,0.0061854775308165695,0.007093106769025326,0.006948699825443327
422,0.006755132529651747,0.006610725912032649,0.012144692544825374,0.012000285973772406
423,0.007013111128471792,0.006868704732041806,0.0067100490676239135,0.0065656430320814255
424,0.0070610980736091735,0.0069166926050093025,0.007750560878776014,0.007606155890971422
425,0.00684259471250698,0.0066981893707998095,0.00715755601413548,0.007013150828424841
426,0.00691466466174461,0.006770259874174372,0.007268537417985499,0.007124132034368813
427,0.0071010500227566805,0.006956644391175359,0.007232226198539138,0.007087820896413177
428,0.007048624770250172,0.006904219905845821,0.007087228214368224,0.00694282385520637
429,0.006900173223111778,0.0067557689093519,0.006949333101511001,0.0068049287423491474
430,0.006945910447975621,0.006801505757030099,0.0062898142030462624,0.006145409878809005
431,0.006831494740908966,0.00668709067045711,0.007969373976811767,0.007824969990178943
432,0.006466308285016566,0.006321904973592609,0.010337317408993841,0.010192914004437625
433,0.00700397502281703,0.0068595716054551305,0.007708738383371383,0.007564334629569203
434,0.006780797515530139,0.006636394417146221,0.0070885697612538935,0.006944166962057352
435,0.006839063297375106,0.006694660698412918,0.005606604460626841,0.005462202045600861
436,0.007015223449561745,0.0068708207760937515,0.006270804954692721,0.006126402062363923
437,0.006968185642617755,0.00682378311525099,0.0075608778977766635,0.007416476029902697
438,0.006441316072596237,0.006296914017293602,0.00543901341734454,0.005294611421413719
439,0.006842551751760766,0.006698150004958734,0.007036988413892687,0.006892586848698557
440,0.006777122729690745,0.006632721042260528,0.007717814249917865,0.0075734126381576065
441,0.006341396388597787,0.006196994978236035,0.005825998284853995,0.005681597138755023
442,0.006717291160020978,0.0065728902106639,0.010341292538214475,0.01019689196255058
443,0.006739387887064368,0.006594987075659447,0.00844234557589516,0.008297945454251021
444,0.006969948675250634,0.006825548440683633,0.008199632354080676,0.008055232046172024
445,0.006492542820051312,0.006348142740316689,0.007043926045298576,0.006899525981862098
446,0.006672744119423441,0.006528344191028736,0.006803737755399197,0.006659338076133281
447,0.006890380759723484,0.006745981122367084,0.008997750014532357,0.008853350416757166
448,0.007119646617211401,0.00697524675517343,0.006101132975891233,0.005956733203493059
449,0.007005638814298436,0.006861238931305707,0.006122237141244114,0.005977837252430618
450,0.006432695956318639,0.006288296486018225,0.007193929376080632,0.007049530022777617
451,0.006506673412513919,0.00636227443232201,0.0057573034428060055,0.005612904531881213
452,0.006723175067454576,0.006578776300884783,0.00839831589255482,0.008253917237743736
453,0.006590688247233629,0.006446289344457909,0.006587483710609377,0.006443084659986198
454,0.007221621529897675,0.0070772226620465515,0.004979837231803686,0.004835438984446228
455,0.0068086395470891145,0.006664241157704964,0.00831551591400057,0.008171117375604808
456,0.006865423660492524,0.006721025451552123,0.006015166523866355,0.0058707685791887345
457,0.00665771244210191,0.006513314575422555,0.007293877459596842,0.007149480003863573
458,0.007038093185983598,0.0068936957977712154,0.00870103167835623,0.008556633931584656
459,0.006854619898367673,0.006710222569527104,0.0065499268472194675,0.006405529775656759
460,0.0068961987656075505,0.006751801604405045,0.011321016843430698,0.011176619108300655
461,0.0073457492934539915,0.007201352019328624,0.008523103757761418,0.008378705638460816
462,0.0068935177160892635,0.006749120794702321,0.008191010123118759,0.008046613773331046
463,0.0069426355988252905,0.006798238396877423,0.0068975109257735315,0.006753113528247923
464,0.006638781065121293,0.006494383933022619,0.005932310223579406,0.005787913175299764
465,0.00694326741504483,0.006798870329512283,0.005415915627963841,0.005271518777590245
466,0.006875935209682211,0.006731538298772648,0.008416741190012544,0.0082723445026204
467,0.0067055916110984985,0.006561194920213893,0.0074737328686751425,0.0073293360765092075
468,0.006545459299813956,0.006401062498334795,0.006633094907738268,0.006488697999157011
469,0.007018675665603951,0.00687427883502096,0.009214203897863626,0.00906980698928237
470,0.007086482698796317,0.006942085768678226,0.0060052681947126985,0.005860871251206845
471,0.006820095450384542,0.006675698518520221,0.007078115735203028,0.006933718826621771
472,0.007214002019027248,0.007069605255965144,0.006917096150573343,0.00677269937004894
473,0.007057341162580996,0.006912944542127661,0.006946686282753944,0.006802289793267846
474,0.0067658423271495845,0.006621445706114173,0.0051924331113696095,0.005048036482185126
475,0.006771994096925482,0.006627597687765956,0.012104490539059043,0.01196009456180036
476,0.006827945845434442,0.006683549378067255,0.0065042607486248015,0.006359864375554025
477,0.007160508017987013,0.007016111912671477,0.007302700658328831,0.007158304657787084
478,0.006751323147909716,0.00660692710080184,0.006606335984542966,0.006461940007284284
479,0.006995422680629418,0.0068510267423698675,0.008373980387113988,0.008229584037326276
480,0.006832807690370828,0.0066884118295274676,0.006403382937423885,0.0062589873792603615
481,0.007177986957831308,0.007033591361250729,0.007094308454543352,0.006949913082644343
482,0.007012294643791392,0.006867899326607585,0.005892513867001981,0.005748118762858212
483,0.007093234016792849,0.00694883890915662,0.00931300325319171,0.009168608009349554
484,0.006845267897006124,0.006700872817309573,0.007996028102934361,0.007851633080281317
485,0.007493323846720159,0.007348928642459214,0.005628568620886653,0.005484173318836838
486,0.0068699829449178655,0.006725587582914159,0.007206509355455637,0.007062114391010255
487,0.006998669827589765,0.00685427481890656,0.012195989466272294,0.012051594187505543
488,0.007110952180810272,0.0069665567786432805,0.007393349101766944,0.007248954032547772
489,0.006591737940907478,0.006447342921746895,0.005466497188899666,0.005322102108038962
490,0.006571210073307156,0.0064268147305119785,0.007816568645648659,0.007672173227183521
491,0.006943852324038744,0.006799457194283605,0.006725046294741332,0.006580651318654418
492,0.007055946895852685,0.00691155182546936,0.005992107547353953,0.005847712373360991
493,0.006815574893262237,0.006671180031262338,0.008048930461518467,0.007904535555280746
494,0.006879456819733605,0.006735062096267939,0.006753786280751228,0.0066093919333070515
495,0.006892395310569554,0.0067480008339043706,0.007655721181072295,0.007511326659005136
496,0.007533200713805854,0.007388806151575409,0.0065797761897556485,0.006435381539631635
497,0.006989960613427684,0.006845566186821088,0.006153587927110493,0.00600919327698648
498,0.0063831106422003354,0.006238716170191765,0.006673032906837762,0.0065286384779028594
499,0.0062889847822953015,0.006144590373151004,0.00644707796163857,0.006302683521062136
500,0.006748319047037512,0.006603924615774304,0.006817468861117959,0.006673074373975396
501,0.006956657252740115,0.006812262739986181,0.0074716860894113776,0.007327291648834944
502,0.006315925575327128,0.006171531188301742,0.0078881154069677,0.007743720919825137
503,0.007393648996949196,0.00724925450864248,0.00813947890419513,0.007995084230788051
504,0.007109138786909171,0.006964744328288361,0.00792506169527769,0.00778066732455045
505,0.00733004258829169,0.007185648374725133,0.005691756540909409,0.005547362263314426
506,0.006912259920500219,0.006767865747096948,0.007883419876452535,0.007739025133196265
507,0.0068563416961114855,0.006711947494186461,0.00800282631535083,0.007858431688509882
508,0.006836646522860974,0.006692252348875627,0.00664655901491642,0.006502165016718209
509,0.006756561223301105,0.006612167035927996,0.005995792243629694,0.005851398152299225
510,0.006844496929552406,0.006700102718314156,0.005795498425140977,0.005651104217395187
511,0.007171669790986926,0.0070272753573954105,0.0060512590338476,0.005906864535063505
512,0.007088063271949068,0.006943668849417008,0.007775036874227226,0.007630642387084663
513,0.007066539069637656,0.006922144622076303,0.0066943021607585255,0.00654990803450346
514,0.0070171323779504744,0.006872738266829401,0.005690733203664422,0.005546339380089194
515,0.006534721381030977,0.006390327336848713,0.00725012538023293,0.00710573133546859
516,0.006472487675491721,0.006328093605116009,0.007785825897008181,0.007641431409865618
517,0.006544722693506628,0.0064003289130050685,0.007900085672736168,0.007755691860802471
518,0.0068028023396618665,0.006658408516086638,0.006925098621286452,0.006780704692937433
519,0.006644725312362425,0.0065003314288333055,0.011822953331284225,0.011678559589199722
520,0.007078500043135137,0.006934106202097609,0.006800616404507309,0.0066562223830260335
521,0.00698330833693035,0.006838914505206049,0.006393555691465736,0.006249161972664297
522,0.006898405275424011,0.006754011458251625,0.006287253077607602,0.0061428593355230985
523,0.00663250319310464,0.006488109451020137,0.005713062337599694,0.00556866864208132
524,0.006702662569587119,0.006558268876979127,0.006972193531692028,0.006827799789607525
525,0.006508494032314047,0.006364100483478978,0.0071077289059758185,0.006963335326872766
526,0.00661047714878805,0.006466083624400198,0.007510855817236007,0.007366462284699083
527,0.006614889010670595,0.006470495504909195,0.006195178104098887,0.006050784548278898
528,0.007028030037181452,0.006883636749116704,0.00785791480448097,0.007713521621190012
529,0.00714275331411045,0.006998359964345582,0.006263828137889504,0.0061194349080324175
530,0.0071076614479534325,0.006963268211111426,0.007080854987725616,0.006936461757868528
531,0.007062892660032957,0.006918499718885869,0.006003779964521528,0.005859387083910405
532,0.006531387856230139,0.006386994930217042,0.007693530339747667,0.00754913748241961
533,0.006976403293665498,0.00683201035077218,0.006206653174012899,0.006062260316684842
534,0.006535781304119154,0.006391388414194807,0.006819094554521144,0.006674701604060829
535,0.006716355080716312,0.006571962158195674,0.0055199225666001436,0.005375529685989022
536,0.0067434667580528185,0.006599073855322785,0.006626430107280612,0.006482037343084812
537,0.007080825894372538,0.006936433129012585,0.006962047598790377,0.006817654822953045
538,0.0065971208922564984,0.006452728323638439,0.008260133815929294,0.008115741214714945
539,0.007070974423550069,0.0069265819003339855,0.008663043193519116,0.008518650475889445
540,0.006817427660571411,0.006673035117564723,0.006006201822310686,0.005861809232737869
541,0.006863507047528401,0.006719114517327398,0.010970963654108346,0.010826571215875446
542,0.006471915346337482,0.006327523072250187,0.007758351881057024,0.007613959326408804
543,0.00696283619152382,0.006818443873198703,0.008068406605161726,0.007924014260061086
544,0.006996489567682147,0.006852097215596586,0.005890103650745005,0.005745711247436702
545,0.00670510193449445,0.006560709648765623,0.006262313993647695,0.006117921613622457
